B;K;R;V;L;V;V;G;Q;T;E;S;H;J;Q;L;X;X;O;U;J;Z;T;R;K;Q;H;M
A;M;N;B;V;O;A;L;I;L;I;N;G;H;Z;H;W;I;S;Y;A;B;L;I;V;P;Y;Y
J;E;O;W;E;D;Y;B;T;Z;O;A;F;I;Z;V;D;A;S;J;P;R;X;Q;Q;X;C;T
Z;Q;C;S;Q;C;L;R;X;R;R;D;D;P;I;F;L;F;I;C;O;W;B;J;N;O;X;B
B;X;I;O;P;O;Z;Z;F;K;E;O;P;U;N;O;K;E;D;I;R;L;U;U;K;Q;O;E
L;D;O;Z;A;Y;K;O;P;X;M;X;C;A;J;H;Q;B;A;C;Y;D;Q;K;D;B;N;K
N;A;Y;N;T;S;E;C;W;O;Z;Q;E;T;N;C;P;W;W;Q;D;I;Z;K;I;D;O;C
T;J;O;R;E;E;C;O;Z;A;P;M;S;H;R;P;U;U;G;G;S;L;C;G;Z;E;D;Y
A;K;D;M;J;X;R;A;W;G;J;H;O;E;T;�;Z;U;A;G;F;S;N;U;J;V;F;Q
P;K;B;W;R;O;E;S;A;Y;O;Q;W;J;�;R;B;D;O;S;W;B;A;S;S;V;W;O
O;F;B;W;Q;E;W;T;C;M;Z;F;C;E;U;N;A;A;T;L;C;G;P;K;O;E;V;K
R;N;P;F;X;K;C;G;T;F;M;U;R;W;E;S;S;S;T;Y;B;Q;G;T;L;V;J;P
S;T;N;Z;O;I;O;W;Z;V;K;O;M;R;L;A;W;I;A;R;D;D;N;Q;O;I;N;V
B;Q;D;G;L;I;C;E;D;H;Q;O;I;E;L;I;U;A;B;W;S;E;V;V;Z;F;L;A
V;P;C;N;L;G;A;R;J;G;N;F;Z;C;D;K;Q;T;H;A;M;E;M;K;C;M;K;O
C;V;W;R;I;P;A;T;I;R;B;E;H;Q;X;K;M;I;M;A;W;N;B;E;W;J;F;H
Y;D;T;I;C;L;T;I;G;D;C;I;D;V;W;Z;C;C;R;F;H;V;V;E;I;G;P;T
S;X;V;N;N;O;U;A;F;Q;C;Z;W;M;M;W;D;U;M;X;B;G;B;P;U;R;M;Y
W;J;F;S;E;F;Q;O;R;H;Y;S;D;P;T;L;J;G;H;R;E;R;V;M;U;S;Q;Q
B;C;M;J;S;M;Y;Q;A;L;O;G;J;T;O;R;W;T;Y;P;R;U;O;Y;T;Z;I;L
H;Y;J;B;W;D;N;T;K;G;R;C;U;Z;U;P;L;Y;T;A;F;Q;I;S;Q;C;F;T
C;H;U;T;C;H;Y;U;F;M;N;M;I;O;Q;H;U;F;I;Q;V;U;W;S;A;G;C;C
K;H;X;D;L;N;V;H;C;Q;I;X;J;U;V;T;A;T;D;U;A;H;J;X;C;N;P;K
N;E;D;C;Z;E;M;V;R;P;S;C;W;H;R;F;D;T;G;X;M;Z;F;W;X;V;Q;R
A;Y;Q;E;X;X;W;N;L;O;P;K;M;I;D;U;L;V;M;X;S;X;G;L;D;N;Q;M
M;V;Y;I;H;Y;T;B;A;X;W;N;A;J;C;E;B;Q;I;M;P;F;Y;A;S;F;R;U
R;D;P;Q;Y;C;K;H;A;T;O;N;K;I;C;X;D;J;H;K;G;P;H;H;V;D;Y;Z
M;J;R;J;P;O;F;R;X;L;I;Q;Z;R;W;J;T;B;Q;E;G;A;B;J;K;M;L;T
